01FB15ECS001,14,15,15,15,17,60,T1,4
01FB15ECS002,14,15,14,17,17,60,T1,4
01FB15ECS003,11,19,20,17,13,60,T1,4
01FB15ECS004,19,12,12,19,20,60,T1,4
01FB15ECS005,19,15,15,19,20,60,T1,4
01FB15ECS006,11,12,12,11,13,60,T1,4
01FB15ECS008,12,14,20,19,19,60,T1,4
01FB15ECS009,20,14,15,15,20,60,T1,4
01FB15ECS010,18,11,15,16,20,60,T1,4
01FB15ECS011,13,16,11,11,13,60,T1,4
01FB15ECS012,14,12,11,15,14,60,T1,4
01FB15ECS014,16,11,18,14,17,60,T1,4
01FB15ECS015,14,12,20,16,12,60,T1,4
01FB15ECS016,11,11,16,12,15,60,T1,4
01FB15ECS017,19,11,12,20,15,60,T1,4
01FB15ECS018,14,17,15,18,12,60,T1,4
01FB15ECS019,19,15,18,16,20,60,T1,4
01FB15ECS020,13,14,16,11,11,60,T1,4
01FB15ECS021,17,16,19,16,12,60,T1,4
01FB15ECS022,13,19,13,17,16,60,T1,4
01FB15ECS023,18,17,16,12,19,60,T1,4
01FB15ECS024,16,14,19,13,19,60,T1,4
01FB15ECS025,14,14,13,13,18,60,T1,4
01FB15ECS026,16,12,16,12,13,60,T1,4
01FB15ECS027,11,13,17,18,16,60,T1,4
01FB15ECS028,13,18,18,18,19,60,T1,4
01FB15ECS029,18,20,11,16,17,60,T1,4
01FB15ECS030,18,19,13,19,20,60,T1,4
01FB15ECS031,13,15,18,11,13,60,T1,4
01FB15ECS032,13,14,13,12,18,60,T1,4
01FB15ECS033,17,19,19,17,16,60,T1,4
01FB15ECS034,17,11,15,17,18,60,T1,4
01FB15ECS035,13,11,11,12,17,60,T1,4
01FB15ECS036,17,11,17,17,19,60,T1,4
01FB15ECS037,19,15,18,13,12,60,T1,4
01FB15ECS038,15,15,11,15,19,60,T1,4
01FB15ECS039,20,20,19,16,15,60,T1,4
01FB15ECS040,19,19,19,15,11,60,T1,4
01FB15ECS041,19,16,13,15,18,60,T1,4
01FB15ECS042,16,19,13,17,20,60,T1,4
01FB15ECS043,18,15,19,17,18,60,T1,4
01FB15ECS044,15,11,18,14,18,60,T1,4
01FB15ECS045,16,16,15,20,15,60,T1,4
01FB15ECS046,17,14,16,11,13,60,T1,4
01FB15ECS047,18,11,19,14,19,60,T1,4
01FB15ECS048,17,17,14,12,13,60,T1,4
01FB15ECS049,16,14,15,15,19,60,T1,4
01FB15ECS050,11,20,14,11,15,60,T1,4
01FB15ECS051,12,18,17,11,13,60,T1,4
01FB15ECS052,16,20,11,11,18,60,T1,4
01FB15ECS053,20,14,17,19,14,60,T1,4
01FB15ECS054,14,18,18,11,13,60,T1,4
01FB15ECS055,12,12,20,11,15,60,T1,4
01FB15ECS056,14,13,14,13,11,60,T1,4
01FB15ECS057,18,15,17,12,20,60,T1,4
01FB15ECS058,18,14,13,11,12,60,T1,4
01FB15ECS059,14,19,12,15,20,60,T1,4
01FB15ECS060,17,11,12,18,12,60,T1,4
01FB15ECS061,17,18,13,14,14,60,T1,4
01FB15ECS062,16,11,18,19,19,60,T1,4
01FB15ECS063,14,18,16,11,19,60,T1,4
01FB15ECS064,15,11,20,15,20,60,T1,4
01FB15ECS065,18,19,17,13,20,60,T1,4
01FB15ECS066,18,16,15,12,18,60,T1,4
01FB15ECS067,15,11,11,17,17,60,T1,4
01FB15ECS068,12,14,14,18,15,60,T1,4
01FB15ECS069,12,13,19,17,16,60,T1,4
01FB15ECS070,18,17,11,20,14,60,T1,4
01FB15ECS071,17,12,19,19,12,60,T1,4
01FB15ECS072,13,20,20,20,20,60,T1,4
01FB15ECS073,18,12,18,11,19,60,T1,4
01FB15ECS074,13,18,20,17,11,60,T1,4
01FB15ECS075,17,17,14,17,11,60,T1,4
01FB15ECS076,13,13,16,18,20,60,T1,4
01FB15ECS077,15,18,12,17,17,60,T1,4
01FB15ECS078,20,20,12,17,20,60,T1,4
01FB15ECS079,12,20,20,15,13,60,T1,4
01FB15ECS080,14,18,19,14,17,60,T1,4
01FB15ECS081,13,11,20,18,19,60,T1,4
01FB15ECS082,13,14,19,12,20,60,T1,4
01FB15ECS083,20,16,14,15,15,60,T1,4
01FB15ECS084,19,12,12,13,16,60,T1,4
01FB15ECS085,19,12,17,15,17,60,T1,4
01FB15ECS086,20,11,19,19,16,60,T1,4
01FB15ECS087,19,18,20,13,15,60,T1,4
01FB15ECS088,14,11,20,11,14,60,T1,4
01FB15ECS089,14,20,13,14,20,60,T1,4
01FB15ECS090,11,13,19,19,15,60,T1,4
01FB15ECS092,12,20,16,20,18,60,T1,4
01FB15ECS093,11,16,19,11,16,60,T1,4
01FB15ECS094,18,17,15,19,15,60,T1,4
01FB15ECS095,14,12,16,16,18,60,T1,4
01FB15ECS096,14,19,15,11,11,60,T1,4
01FB15ECS097,13,12,17,18,15,60,T1,4
01FB15ECS098,16,11,18,14,11,60,T1,4
01FB15ECS099,18,15,11,17,16,60,T1,4
01FB15ECS100,12,11,14,12,13,60,T1,4
01FB15ECS101,11,12,16,13,12,60,T1,4
01FB15ECS102,16,18,14,20,12,60,T1,4
01FB15ECS103,18,11,13,12,12,60,T1,4
01FB15ECS104,14,16,14,16,19,60,T1,4
01FB15ECS105,20,14,18,14,16,60,T1,4
01FB15ECS106,20,19,16,12,13,60,T1,4
01FB15ECS107,20,17,16,14,15,60,T1,4
01FB15ECS108,13,15,20,14,12,60,T1,4
01FB15ECS109,11,12,15,13,13,60,T1,4
01FB15ECS111,19,14,20,16,19,60,T1,4
01FB15ECS112,12,13,12,18,15,60,T1,4
01FB15ECS113,16,16,12,14,15,60,T1,4
01FB15ECS116,15,15,11,19,12,60,T1,4
01FB15ECS117,12,14,18,15,15,60,T1,4
01FB15ECS118,13,13,16,15,13,60,T1,4
01FB15ECS119,11,20,13,18,13,60,T1,4
01FB15ECS120,13,13,14,12,19,60,T1,4
01FB15ECS121,12,11,17,18,18,60,T1,4
01FB15ECS122,14,18,20,16,14,60,T1,4
01FB15ECS123,19,15,20,15,14,60,T1,4
01FB15ECS124,13,16,11,13,16,60,T1,4
01FB15ECS125,11,19,11,19,14,60,T1,4
01FB15ECS126,14,15,14,14,12,60,T1,4
01FB15ECS127,11,16,19,17,11,60,T1,4
01FB15ECS128,17,18,19,20,11,60,T1,4
01FB15ECS129,19,14,16,18,13,60,T1,4
01FB15ECS130,17,15,20,20,16,60,T1,4
01FB15ECS131,20,13,12,16,17,60,T1,4
01FB15ECS132,20,12,20,15,19,60,T1,4
01FB15ECS133,18,18,14,20,16,60,T1,4
01FB15ECS134,16,18,17,19,20,60,T1,4
01FB15ECS135,12,15,13,15,20,60,T1,4
01FB15ECS136,18,18,12,14,19,60,T1,4
01FB15ECS137,15,18,14,19,13,60,T1,4
01FB15ECS138,20,11,20,15,14,60,T1,4
01FB15ECS139,16,17,11,20,16,60,T1,4
01FB15ECS140,19,16,13,19,11,60,T1,4
01FB15ECS141,11,19,20,14,18,60,T1,4
01FB15ECS142,15,17,20,15,20,60,T1,4
01FB15ECS143,20,15,18,20,14,60,T1,4
01FB15ECS144,19,20,15,18,17,60,T1,4
01FB15ECS145,16,11,15,18,11,60,T1,4
01FB15ECS146,11,11,19,12,19,60,T1,4
01FB15ECS147,20,15,11,14,19,60,T1,4
01FB15ECS148,20,16,20,18,20,60,T1,4
01FB15ECS149,16,16,20,13,13,60,T1,4
01FB15ECS150,12,15,11,19,16,60,T1,4
01FB15ECS151,17,13,17,17,18,60,T1,4
01FB15ECS152,20,11,13,19,17,60,T1,4
01FB15ECS153,12,12,13,15,19,60,T1,4
01FB15ECS154,13,19,15,18,14,60,T1,4
01FB15ECS155,11,12,20,11,14,60,T1,4
01FB15ECS156,12,15,15,15,17,60,T1,4
01FB15ECS157,16,18,15,16,11,60,T1,4
01FB15ECS158,11,19,13,12,13,60,T1,4
01FB15ECS160,18,19,11,12,15,60,T1,4
01FB15ECS161,20,19,17,15,12,60,T1,4
01FB15ECS162,18,14,16,12,20,60,T1,4
01FB15ECS163,16,18,13,15,13,60,T1,4
01FB15ECS164,11,17,19,17,20,60,T1,4
01FB15ECS165,20,20,17,15,19,60,T1,4
01FB15ECS166,11,17,11,20,15,60,T1,4
01FB15ECS167,11,19,13,16,12,60,T1,4
01FB15ECS168,15,15,20,20,17,60,T1,4
01FB15ECS169,13,14,19,15,18,60,T1,4
01FB15ECS170,17,12,13,15,14,60,T1,4
01FB15ECS171,12,19,19,14,11,60,T1,4
01FB15ECS172,18,13,20,11,12,60,T1,4
01FB15ECS173,15,17,16,18,14,60,T1,4
01FB15ECS174,16,20,16,14,16,60,T1,4
01FB15ECS175,18,12,16,20,12,60,T1,4
01FB15ECS176,17,13,17,18,19,60,T1,4
01FB15ECS177,20,14,15,16,15,60,T1,4
01FB15ECS178,12,12,17,19,20,60,T1,4
01FB15ECS179,14,16,11,19,15,60,T1,4
01FB15ECS180,11,16,18,17,19,60,T1,4
01FB15ECS181,15,14,15,19,13,60,T1,4
01FB15ECS182,13,12,18,18,16,60,T1,4
01FB15ECS183,14,19,14,19,20,60,T1,4
01FB15ECS184,14,15,17,13,17,60,T1,4
01FB15ECS185,20,18,16,20,12,60,T1,4
01FB15ECS186,17,19,17,16,20,60,T1,4
01FB15ECS187,16,15,11,18,14,60,T1,4
01FB15ECS188,16,16,15,15,12,60,T1,4
01FB15ECS189,18,12,11,16,12,60,T1,4
01FB15ECS190,18,15,14,11,17,60,T1,4
01FB15ECS191,12,20,11,19,16,60,T1,4
01FB15ECS192,18,12,17,16,15,60,T1,4
01FB15ECS193,12,15,20,15,16,60,T1,4
01FB15ECS194,17,18,15,18,14,60,T1,4
01FB15ECS195,16,16,12,15,12,60,T1,4
01FB15ECS196,13,18,20,15,16,60,T1,4
01FB15ECS197,20,19,19,18,16,60,T1,4
01FB15ECS198,12,17,16,19,20,60,T1,4
01FB15ECS200,15,14,19,11,14,60,T1,4
01FB15ECS201,20,16,14,16,11,60,T1,4
01FB15ECS202,11,14,13,19,19,60,T1,4
01FB15ECS203,20,15,12,19,11,60,T1,4
01FB15ECS204,11,20,20,19,12,60,T1,4
01FB15ECS205,16,19,18,19,19,60,T1,4
01FB15ECS206,12,18,15,13,13,60,T1,4
01FB15ECS208,15,13,16,14,11,60,T1,4
01FB15ECS209,11,18,14,16,13,60,T1,4
01FB15ECS210,15,18,18,11,12,60,T1,4
01FB15ECS211,16,18,20,13,20,60,T1,4
01FB15ECS212,11,16,11,12,19,60,T1,4
01FB15ECS213,11,13,13,14,18,60,T1,4
01FB15ECS214,19,18,18,15,11,60,T1,4
01FB15ECS215,15,11,13,17,14,60,T1,4
01FB15ECS216,12,13,14,15,13,60,T1,4
01FB15ECS217,16,14,17,19,14,60,T1,4
01FB15ECS218,14,16,16,14,12,60,T1,4
01FB15ECS219,16,16,16,19,11,60,T1,4
01FB15ECS220,15,13,12,12,17,60,T1,4
01FB15ECS221,17,16,17,11,11,60,T1,4
01FB15ECS222,15,11,15,15,20,60,T1,4
01FB15ECS223,19,20,11,12,16,60,T1,4
01FB15ECS224,16,15,19,18,13,60,T1,4
01FB15ECS225,14,15,14,15,17,60,T1,4
01FB15ECS226,18,15,11,16,20,60,T1,4
01FB15ECS227,13,14,20,17,15,60,T1,4
01FB15ECS228,20,12,19,11,17,60,T1,4
01FB15ECS229,16,11,16,12,11,60,T1,4
01FB15ECS230,14,12,11,11,13,60,T1,4
01FB15ECS231,19,16,15,16,12,60,T1,4
01FB15ECS232,17,15,12,11,13,60,T1,4
01FB15ECS233,11,12,11,19,20,60,T1,4
01FB15ECS234,13,16,19,11,19,60,T1,4
01FB15ECS235,12,17,17,16,19,60,T1,4
01FB15ECS236,16,12,12,16,15,60,T1,4
01FB15ECS237,12,19,18,14,18,60,T1,4
01FB15ECS238,16,12,17,11,13,60,T1,4
01FB15ECS239,16,20,12,14,18,60,T1,4
01FB15ECS240,11,20,20,12,11,60,T1,4
01FB15ECS241,18,14,20,14,11,60,T1,4
01FB15ECS242,14,12,12,18,16,60,T1,4
01FB15ECS243,15,19,12,20,17,60,T1,4
01FB15ECS244,17,18,18,17,12,60,T1,4
01FB15ECS245,18,13,19,15,11,60,T1,4
01FB15ECS246,19,14,20,18,13,60,T1,4
01FB15ECS247,13,11,12,11,17,60,T1,4
01FB15ECS248,16,18,20,14,17,60,T1,4
01FB15ECS249,11,18,12,13,18,60,T1,4
01FB15ECS250,11,16,13,18,16,60,T1,4
01FB15ECS251,13,11,15,11,14,60,T1,4
01FB15ECS252,18,16,14,11,19,60,T1,4
01FB15ECS253,13,17,18,17,19,60,T1,4
01FB15ECS254,16,12,20,14,20,60,T1,4
01FB15ECS255,14,13,19,15,15,60,T1,4
01FB15ECS256,15,16,16,17,17,60,T1,4
01FB15ECS257,11,15,18,15,20,60,T1,4
01FB15ECS258,13,16,16,15,18,60,T1,4
01FB15ECS259,13,20,13,15,16,60,T1,4
01FB15ECS260,15,19,12,16,17,60,T1,4
01FB15ECS261,17,13,16,13,15,60,T1,4
01FB15ECS262,11,16,16,20,20,60,T1,4
01FB15ECS263,11,18,19,20,15,60,T1,4
01FB15ECS264,16,11,14,15,12,60,T1,4
01FB15ECS265,19,17,11,15,19,60,T1,4
01FB15ECS266,16,18,19,14,17,60,T1,4
01FB15ECS267,16,11,13,16,11,60,T1,4
01FB15ECS268,18,16,17,15,13,60,T1,4
01FB15ECS269,17,15,13,15,16,60,T1,4
01FB15ECS270,13,16,19,19,18,60,T1,4
01FB15ECS271,14,11,20,17,17,60,T1,4
01FB15ECS272,15,15,17,12,13,60,T1,4
01FB15ECS273,14,11,16,11,16,60,T1,4
01FB15ECS274,14,19,11,19,18,60,T1,4
01FB15ECS275,18,13,18,12,16,60,T1,4
01FB15ECS276,16,18,11,13,14,60,T1,4
01FB15ECS277,16,20,20,15,17,60,T1,4
01FB15ECS278,16,15,19,19,19,60,T1,4
01FB15ECS279,12,17,20,17,14,60,T1,4
01FB15ECS280,20,13,16,20,12,60,T1,4
01FB15ECS281,15,19,18,11,15,60,T1,4
01FB15ECS282,16,14,20,20,18,60,T1,4
01FB15ECS283,19,14,16,20,16,60,T1,4
01FB15ECS284,15,12,19,20,17,60,T1,4
01FB15ECS285,11,11,19,12,15,60,T1,4
01FB15ECS286,17,20,14,15,12,60,T1,4
01FB15ECS287,20,16,17,16,13,60,T1,4
01FB15ECS288,14,15,15,17,11,60,T1,4
01FB15ECS289,14,17,13,19,11,60,T1,4
01FB15ECS290,16,17,11,17,18,60,T1,4
01FB15ECS291,11,20,16,14,20,60,T1,4
01FB15ECS292,12,12,18,20,14,60,T1,4
01FB15ECS293,19,14,11,12,14,60,T1,4
01FB15ECS294,11,11,15,17,16,60,T1,4
01FB15ECS296,19,14,12,14,18,60,T1,4
01FB15ECS297,16,12,12,11,16,60,T1,4
01FB15ECS298,15,15,19,12,16,60,T1,4
01FB15ECS299,20,14,17,13,14,60,T1,4
01FB15ECS300,18,17,16,13,19,60,T1,4
01FB15ECS301,14,19,20,13,15,60,T1,4
01FB15ECS302,19,12,12,18,19,60,T1,4
01FB15ECS303,20,12,18,12,12,60,T1,4
01FB15ECS305,11,14,12,13,18,60,T1,4
01FB15ECS306,16,18,16,16,17,60,T1,4
01FB15ECS308,17,19,16,20,12,60,T1,4
01FB15ECS309,20,20,20,18,13,60,T1,4
01FB15ECS310,19,18,20,19,19,60,T1,4
01FB15ECS311,12,19,12,19,18,60,T1,4
01FB15ECS312,12,12,14,13,19,60,T1,4
01FB15ECS313,14,17,13,11,13,60,T1,4
01FB15ECS314,17,13,14,11,14,60,T1,4
01FB15ECS315,19,11,19,19,11,60,T1,4
01FB15ECS316,12,11,12,12,16,60,T1,4
01FB15ECS317,11,16,20,13,20,60,T1,4
01FB15ECS318,11,18,17,20,20,60,T1,4
01FB15ECS319,18,15,20,20,12,60,T1,4
01FB15ECS320,17,18,18,14,15,60,T1,4
01FB15ECS321,11,12,15,18,11,60,T1,4
01FB15ECS322,15,12,17,19,13,60,T1,4
01FB15ECS323,19,13,18,11,18,60,T1,4
01FB15ECS324,11,11,19,14,18,60,T1,4
01FB15ECS325,18,11,11,16,19,60,T1,4
01FB15ECS326,18,20,20,19,19,60,T1,4
01FB15ECS327,15,17,13,18,12,60,T1,4
01FB15ECS328,17,14,11,13,19,60,T1,4
01FB15ECS329,16,19,19,19,11,60,T1,4
01FB15ECS330,16,14,12,18,11,60,T1,4
01FB15ECS331,14,20,16,15,18,60,T1,4
01FB15ECS332,13,17,18,20,13,60,T1,4
01FB15ECS333,15,16,20,17,17,60,T1,4
01FB15ECS334,20,19,19,14,20,60,T1,4
01FB15ECS335,11,16,16,16,16,60,T1,4
01FB15ECS336,17,20,17,11,16,60,T1,4
01FB15ECS337,17,17,16,20,19,60,T1,4
01FB15ECS338,20,19,14,20,11,60,T1,4
01FB15ECS339,17,13,20,14,19,60,T1,4
01FB15ECS340,15,18,20,13,19,60,T1,4
01FB15ECS341,20,13,19,17,13,60,T1,4
01FB15ECS342,12,15,19,18,16,60,T1,4
01FB15ECS343,16,19,14,20,18,60,T1,4
01FB15ECS344,16,19,16,14,16,60,T1,4
01FB15ECS345,17,12,11,18,16,60,T1,4
01FB15ECS346,18,13,12,12,16,60,T1,4
01FB15ECS347,12,18,12,20,11,60,T1,4
01FB15ECS348,14,17,18,17,13,60,T1,4
01FB15ECS349,20,14,16,17,17,60,T1,4
01FB15ECS350,14,15,15,11,14,60,T1,4
01FB15ECS351,20,18,20,16,20,60,T1,4
01FB15ECS352,12,16,20,11,16,60,T1,4
01FB15ECS354,18,18,17,11,17,60,T1,4
01FB15ECS355,14,18,13,14,17,60,T1,4
01FB15ECS356,19,17,17,11,11,60,T1,4
01FB15ECS357,15,17,19,19,19,60,T1,4
01FB15ECS358,20,17,18,12,20,60,T1,4
01FB15ECS359,19,15,11,13,19,60,T1,4
01FB15ECS360,20,15,17,18,17,60,T1,4
01FB15ECS361,20,17,20,15,15,60,T1,4
01FB15ECS362,13,17,14,16,18,60,T1,4
01FB15ECS363,13,19,15,19,19,60,T1,4
01FB15ECS364,19,19,20,19,11,60,T1,4
01FB15ECS365,13,14,18,20,17,60,T1,4
01FB15ECS366,19,11,20,13,15,60,T1,4
01FB15ECS367,18,15,20,12,17,60,T1,4
01FB15ECS368,12,14,19,17,12,60,T1,4
01FB15ECS369,12,13,19,20,14,60,T1,4
01FB16ECS700,19,11,14,11,18,60,T1,4
01FB16ECS701,17,19,14,12,18,60,T1,4
01FB16ECS702,15,16,13,14,12,60,T1,4
01FB16ECS703,20,19,15,19,13,60,T1,4
01FB16ECS704,20,14,14,13,17,60,T1,4
01FB16ECS705,18,14,16,12,11,60,T1,4
01FB16ECS706,11,18,20,11,19,60,T1,4
01FB16ECS707,13,19,19,17,18,60,T1,4
01FB16ECS708,12,19,11,14,18,60,T1,4
01FB16ECS709,13,12,12,13,12,60,T1,4
01FB16ECS710,18,16,12,20,14,60,T1,4
01FB16ECS711,17,14,13,14,19,60,T1,4
01FB16ECS712,16,13,13,11,19,60,T1,4
01FB16ECS713,15,12,20,18,11,60,T1,4
01FB16ECS714,20,11,14,20,18,60,T1,4
01FB16ECS715,18,16,11,16,19,60,T1,4
01FB16ECS716,15,18,13,18,17,60,T1,4
01FB16ECS717,12,11,19,17,13,60,T1,4
01FB16ECS718,14,17,17,15,19,60,T1,4
01FB16ECS719,13,16,20,18,18,60,T1,4
01FB16ECS720,17,14,19,13,14,60,T1,4
01FB16ECS721,14,12,12,18,13,60,T1,4
01FB16ECS722,20,12,20,11,17,60,T1,4
01FB16ECS723,19,20,17,19,19,60,T1,4
01FB16ECS724,15,12,14,17,19,60,T1,4
01FB16ECS725,16,13,16,17,18,60,T1,4
01FB16ECS726,13,19,11,13,19,60,T1,4
01FB16ECS727,14,12,16,17,12,60,T1,4
01FB16ECS728,11,13,12,19,13,60,T1,4
01FB15ECS001,17,13,16,16,20,60,T2,4
01FB15ECS002,15,11,12,14,14,60,T2,4
01FB15ECS003,19,14,11,20,20,60,T2,4
01FB15ECS004,13,19,20,14,17,60,T2,4
01FB15ECS005,19,14,17,14,11,60,T2,4
01FB15ECS006,19,11,11,16,20,60,T2,4
01FB15ECS008,16,20,13,11,12,60,T2,4
01FB15ECS009,17,20,13,15,18,60,T2,4
01FB15ECS010,15,11,11,12,14,60,T2,4
01FB15ECS011,19,18,14,11,14,60,T2,4
01FB15ECS012,12,16,16,18,18,60,T2,4
01FB15ECS014,16,17,13,16,15,60,T2,4
01FB15ECS015,19,17,11,13,16,60,T2,4
01FB15ECS016,14,14,15,17,16,60,T2,4
01FB15ECS017,20,12,15,17,16,60,T2,4
01FB15ECS018,18,15,16,18,16,60,T2,4
01FB15ECS019,12,19,20,12,11,60,T2,4
01FB15ECS020,12,20,20,16,11,60,T2,4
01FB15ECS021,13,19,20,15,11,60,T2,4
01FB15ECS022,15,17,19,16,13,60,T2,4
01FB15ECS023,13,16,18,11,16,60,T2,4
01FB15ECS024,17,18,16,12,11,60,T2,4
01FB15ECS025,19,17,20,12,13,60,T2,4
01FB15ECS026,19,20,17,13,13,60,T2,4
01FB15ECS027,11,13,11,19,14,60,T2,4
01FB15ECS028,13,18,20,19,18,60,T2,4
01FB15ECS029,19,20,16,17,16,60,T2,4
01FB15ECS030,20,18,17,12,15,60,T2,4
01FB15ECS031,13,17,11,16,20,60,T2,4
01FB15ECS032,13,19,19,15,16,60,T2,4
01FB15ECS033,18,11,12,16,15,60,T2,4
01FB15ECS034,16,16,11,18,17,60,T2,4
01FB15ECS035,19,16,15,16,15,60,T2,4
01FB15ECS036,11,16,20,14,13,60,T2,4
01FB15ECS037,18,13,18,15,18,60,T2,4
01FB15ECS038,15,12,12,16,18,60,T2,4
01FB15ECS039,11,13,19,14,16,60,T2,4
01FB15ECS040,20,19,12,20,14,60,T2,4
01FB15ECS041,16,13,17,18,19,60,T2,4
01FB15ECS042,14,13,18,16,11,60,T2,4
01FB15ECS043,11,16,17,14,20,60,T2,4
01FB15ECS044,17,13,15,19,15,60,T2,4
01FB15ECS045,12,11,14,14,16,60,T2,4
01FB15ECS046,11,17,17,14,16,60,T2,4
01FB15ECS047,14,13,14,15,16,60,T2,4
01FB15ECS048,13,12,11,19,15,60,T2,4
01FB15ECS049,11,13,14,20,13,60,T2,4
01FB15ECS050,18,12,20,16,11,60,T2,4
01FB15ECS051,11,15,15,20,14,60,T2,4
01FB15ECS052,11,16,15,19,15,60,T2,4
01FB15ECS053,12,17,18,12,13,60,T2,4
01FB15ECS054,16,20,11,18,11,60,T2,4
01FB15ECS055,12,20,13,18,19,60,T2,4
01FB15ECS056,20,18,17,11,12,60,T2,4
01FB15ECS057,16,12,20,12,15,60,T2,4
01FB15ECS058,17,18,15,13,16,60,T2,4
01FB15ECS059,12,14,18,13,18,60,T2,4
01FB15ECS060,12,16,11,19,20,60,T2,4
01FB15ECS061,14,18,17,12,17,60,T2,4
01FB15ECS062,14,14,17,19,12,60,T2,4
01FB15ECS063,15,17,11,18,18,60,T2,4
01FB15ECS064,12,13,12,17,12,60,T2,4
01FB15ECS065,16,15,19,20,14,60,T2,4
01FB15ECS066,18,18,12,18,14,60,T2,4
01FB15ECS067,12,16,15,13,13,60,T2,4
01FB15ECS068,15,19,15,15,16,60,T2,4
01FB15ECS069,12,18,19,17,11,60,T2,4
01FB15ECS070,11,15,16,11,18,60,T2,4
01FB15ECS071,13,14,18,20,15,60,T2,4
01FB15ECS072,19,12,14,14,14,60,T2,4
01FB15ECS073,14,17,15,11,16,60,T2,4
01FB15ECS074,17,19,20,17,15,60,T2,4
01FB15ECS075,17,16,16,12,16,60,T2,4
01FB15ECS076,19,12,18,20,19,60,T2,4
01FB15ECS077,14,16,14,17,17,60,T2,4
01FB15ECS078,12,20,18,16,11,60,T2,4
01FB15ECS079,14,15,15,18,19,60,T2,4
01FB15ECS080,16,11,16,16,17,60,T2,4
01FB15ECS081,20,16,11,20,20,60,T2,4
01FB15ECS082,14,14,15,11,17,60,T2,4
01FB15ECS083,16,18,14,12,16,60,T2,4
01FB15ECS084,18,20,14,14,17,60,T2,4
01FB15ECS085,12,19,16,19,14,60,T2,4
01FB15ECS086,17,16,14,14,20,60,T2,4
01FB15ECS087,14,18,19,14,16,60,T2,4
01FB15ECS088,18,14,12,18,19,60,T2,4
01FB15ECS089,19,17,15,13,16,60,T2,4
01FB15ECS090,18,13,14,19,14,60,T2,4
01FB15ECS092,12,13,13,14,15,60,T2,4
01FB15ECS093,16,11,17,11,15,60,T2,4
01FB15ECS094,13,12,19,20,19,60,T2,4
01FB15ECS095,14,19,11,17,13,60,T2,4
01FB15ECS096,12,14,12,18,14,60,T2,4
01FB15ECS097,11,16,11,13,14,60,T2,4
01FB15ECS098,17,19,17,17,20,60,T2,4
01FB15ECS099,19,12,18,12,16,60,T2,4
01FB15ECS100,15,14,20,18,11,60,T2,4
01FB15ECS101,17,11,12,16,12,60,T2,4
01FB15ECS102,12,11,13,17,15,60,T2,4
01FB15ECS103,12,12,16,19,18,60,T2,4
01FB15ECS104,18,20,19,14,12,60,T2,4
01FB15ECS105,13,12,12,12,18,60,T2,4
01FB15ECS106,18,19,17,12,20,60,T2,4
01FB15ECS107,12,15,11,16,17,60,T2,4
01FB15ECS108,11,14,16,20,20,60,T2,4
01FB15ECS109,19,11,12,13,13,60,T2,4
01FB15ECS111,13,20,11,13,11,60,T2,4
01FB15ECS112,16,18,20,18,12,60,T2,4
01FB15ECS113,15,17,14,13,16,60,T2,4
01FB15ECS116,20,16,15,12,11,60,T2,4
01FB15ECS117,17,12,14,16,16,60,T2,4
01FB15ECS118,18,20,12,18,14,60,T2,4
01FB15ECS119,18,17,17,19,15,60,T2,4
01FB15ECS120,17,14,19,15,12,60,T2,4
01FB15ECS121,19,16,12,11,15,60,T2,4
01FB15ECS122,16,14,15,13,11,60,T2,4
01FB15ECS123,13,13,15,14,15,60,T2,4
01FB15ECS124,11,11,19,12,14,60,T2,4
01FB15ECS125,12,14,17,16,19,60,T2,4
01FB15ECS126,19,19,11,12,12,60,T2,4
01FB15ECS127,18,15,11,12,20,60,T2,4
01FB15ECS128,19,17,20,16,14,60,T2,4
01FB15ECS129,11,18,16,13,17,60,T2,4
01FB15ECS130,17,19,11,13,15,60,T2,4
01FB15ECS131,16,16,18,14,15,60,T2,4
01FB15ECS132,12,19,12,11,11,60,T2,4
01FB15ECS133,12,14,18,16,19,60,T2,4
01FB15ECS134,12,18,18,16,13,60,T2,4
01FB15ECS135,14,19,14,17,13,60,T2,4
01FB15ECS136,19,16,18,13,19,60,T2,4
01FB15ECS137,17,13,13,14,14,60,T2,4
01FB15ECS138,15,12,11,19,20,60,T2,4
01FB15ECS139,15,11,11,15,20,60,T2,4
01FB15ECS140,15,14,19,11,19,60,T2,4
01FB15ECS141,18,19,16,14,13,60,T2,4
01FB15ECS142,18,17,14,15,16,60,T2,4
01FB15ECS143,13,14,20,15,12,60,T2,4
01FB15ECS144,11,11,17,19,14,60,T2,4
01FB15ECS145,16,14,18,18,15,60,T2,4
01FB15ECS146,13,17,13,14,13,60,T2,4
01FB15ECS147,16,12,12,14,13,60,T2,4
01FB15ECS148,16,17,15,16,16,60,T2,4
01FB15ECS149,14,13,12,20,13,60,T2,4
01FB15ECS150,15,15,18,20,13,60,T2,4
01FB15ECS151,19,18,12,14,11,60,T2,4
01FB15ECS152,18,18,17,16,14,60,T2,4
01FB15ECS153,19,20,17,20,17,60,T2,4
01FB15ECS154,14,16,16,13,18,60,T2,4
01FB15ECS155,14,11,12,16,13,60,T2,4
01FB15ECS156,17,13,16,12,11,60,T2,4
01FB15ECS157,13,18,17,20,11,60,T2,4
01FB15ECS158,19,14,19,19,11,60,T2,4
01FB15ECS160,11,13,15,18,14,60,T2,4
01FB15ECS161,14,12,12,15,13,60,T2,4
01FB15ECS162,13,17,19,18,12,60,T2,4
01FB15ECS163,15,15,19,13,12,60,T2,4
01FB15ECS164,13,13,20,20,20,60,T2,4
01FB15ECS165,13,17,15,17,20,60,T2,4
01FB15ECS166,19,16,12,20,19,60,T2,4
01FB15ECS167,12,14,20,12,15,60,T2,4
01FB15ECS168,17,19,13,15,16,60,T2,4
01FB15ECS169,15,16,11,17,14,60,T2,4
01FB15ECS170,12,14,18,18,15,60,T2,4
01FB15ECS171,14,17,11,13,13,60,T2,4
01FB15ECS172,15,20,12,20,11,60,T2,4
01FB15ECS173,11,16,15,13,13,60,T2,4
01FB15ECS174,14,13,20,18,14,60,T2,4
01FB15ECS175,11,19,20,16,14,60,T2,4
01FB15ECS176,12,12,19,13,17,60,T2,4
01FB15ECS177,11,19,17,15,12,60,T2,4
01FB15ECS178,19,20,16,11,17,60,T2,4
01FB15ECS179,11,18,19,16,20,60,T2,4
01FB15ECS180,12,16,14,19,20,60,T2,4
01FB15ECS181,19,20,17,17,16,60,T2,4
01FB15ECS182,16,13,19,14,19,60,T2,4
01FB15ECS183,14,14,14,17,13,60,T2,4
01FB15ECS184,11,11,19,17,19,60,T2,4
01FB15ECS185,19,17,11,12,18,60,T2,4
01FB15ECS186,18,17,18,19,17,60,T2,4
01FB15ECS187,20,13,20,14,14,60,T2,4
01FB15ECS188,18,19,16,18,19,60,T2,4
01FB15ECS189,19,19,17,14,19,60,T2,4
01FB15ECS190,15,18,15,14,20,60,T2,4
01FB15ECS191,11,19,14,20,12,60,T2,4
01FB15ECS192,13,20,16,12,16,60,T2,4
01FB15ECS193,14,16,14,11,20,60,T2,4
01FB15ECS194,14,17,15,15,15,60,T2,4
01FB15ECS195,19,18,11,13,18,60,T2,4
01FB15ECS196,14,20,13,19,17,60,T2,4
01FB15ECS197,13,13,14,19,13,60,T2,4
01FB15ECS198,15,15,15,18,12,60,T2,4
01FB15ECS200,15,17,13,20,16,60,T2,4
01FB15ECS201,18,16,16,13,19,60,T2,4
01FB15ECS202,17,20,18,18,13,60,T2,4
01FB15ECS203,14,17,15,16,14,60,T2,4
01FB15ECS204,11,16,16,15,15,60,T2,4
01FB15ECS205,16,20,12,11,19,60,T2,4
01FB15ECS206,20,11,12,17,16,60,T2,4
01FB15ECS208,13,16,14,15,13,60,T2,4
01FB15ECS209,15,17,15,16,18,60,T2,4
01FB15ECS210,14,18,18,18,16,60,T2,4
01FB15ECS211,14,19,20,20,17,60,T2,4
01FB15ECS212,17,13,18,16,13,60,T2,4
01FB15ECS213,19,15,16,11,15,60,T2,4
01FB15ECS214,18,14,13,17,18,60,T2,4
01FB15ECS215,11,20,11,11,18,60,T2,4
01FB15ECS216,15,14,15,17,18,60,T2,4
01FB15ECS217,19,19,19,14,17,60,T2,4
01FB15ECS218,17,12,11,17,20,60,T2,4
01FB15ECS219,16,13,14,12,15,60,T2,4
01FB15ECS220,11,16,12,19,19,60,T2,4
01FB15ECS221,18,12,15,11,15,60,T2,4
01FB15ECS222,20,19,14,11,11,60,T2,4
01FB15ECS223,16,20,11,17,14,60,T2,4
01FB15ECS224,12,16,13,12,15,60,T2,4
01FB15ECS225,16,19,11,12,18,60,T2,4
01FB15ECS226,12,15,19,16,16,60,T2,4
01FB15ECS227,15,14,20,20,16,60,T2,4
01FB15ECS228,20,19,17,13,19,60,T2,4
01FB15ECS229,12,19,13,16,18,60,T2,4
01FB15ECS230,20,16,19,17,18,60,T2,4
01FB15ECS231,11,17,14,17,16,60,T2,4
01FB15ECS232,18,14,13,15,12,60,T2,4
01FB15ECS233,15,13,14,11,11,60,T2,4
01FB15ECS234,18,16,16,13,16,60,T2,4
01FB15ECS235,11,20,18,19,17,60,T2,4
01FB15ECS236,20,12,16,18,15,60,T2,4
01FB15ECS237,11,20,20,18,20,60,T2,4
01FB15ECS238,19,20,20,16,11,60,T2,4
01FB15ECS239,14,11,14,17,18,60,T2,4
01FB15ECS240,13,18,19,16,12,60,T2,4
01FB15ECS241,19,18,20,16,19,60,T2,4
01FB15ECS242,13,20,19,11,12,60,T2,4
01FB15ECS243,20,18,11,15,15,60,T2,4
01FB15ECS244,15,17,11,11,20,60,T2,4
01FB15ECS245,16,16,12,13,14,60,T2,4
01FB15ECS246,14,17,12,14,14,60,T2,4
01FB15ECS247,15,11,13,14,13,60,T2,4
01FB15ECS248,19,13,16,17,20,60,T2,4
01FB15ECS249,18,20,13,17,18,60,T2,4
01FB15ECS250,17,13,17,13,18,60,T2,4
01FB15ECS251,16,20,16,19,11,60,T2,4
01FB15ECS252,19,18,15,15,18,60,T2,4
01FB15ECS253,14,19,15,14,16,60,T2,4
01FB15ECS254,18,12,18,19,11,60,T2,4
01FB15ECS255,11,20,11,13,17,60,T2,4
01FB15ECS256,12,18,17,17,17,60,T2,4
01FB15ECS257,13,14,11,15,13,60,T2,4
01FB15ECS258,12,18,12,16,14,60,T2,4
01FB15ECS259,15,13,12,18,14,60,T2,4
01FB15ECS260,12,20,15,19,16,60,T2,4
01FB15ECS261,20,12,13,20,18,60,T2,4
01FB15ECS262,18,12,14,20,13,60,T2,4
01FB15ECS263,14,12,12,19,15,60,T2,4
01FB15ECS264,18,14,16,13,11,60,T2,4
01FB15ECS265,19,18,12,20,12,60,T2,4
01FB15ECS266,11,14,20,14,17,60,T2,4
01FB15ECS267,11,15,19,13,11,60,T2,4
01FB15ECS268,14,11,20,15,15,60,T2,4
01FB15ECS269,15,19,11,11,15,60,T2,4
01FB15ECS270,12,11,14,13,14,60,T2,4
01FB15ECS271,20,17,17,20,15,60,T2,4
01FB15ECS272,20,19,13,19,13,60,T2,4
01FB15ECS273,16,14,12,17,19,60,T2,4
01FB15ECS274,17,17,16,11,17,60,T2,4
01FB15ECS275,12,11,20,18,17,60,T2,4
01FB15ECS276,17,11,12,18,14,60,T2,4
01FB15ECS277,14,19,11,18,14,60,T2,4
01FB15ECS278,17,15,12,15,20,60,T2,4
01FB15ECS279,19,13,17,20,18,60,T2,4
01FB15ECS280,12,11,18,15,17,60,T2,4
01FB15ECS281,16,11,13,20,13,60,T2,4
01FB15ECS282,17,12,12,17,19,60,T2,4
01FB15ECS283,14,11,17,13,13,60,T2,4
01FB15ECS284,18,15,13,18,16,60,T2,4
01FB15ECS285,19,13,15,14,17,60,T2,4
01FB15ECS286,18,16,12,12,16,60,T2,4
01FB15ECS287,13,11,19,20,16,60,T2,4
01FB15ECS288,15,13,19,18,16,60,T2,4
01FB15ECS289,13,14,20,17,16,60,T2,4
01FB15ECS290,13,15,18,20,13,60,T2,4
01FB15ECS291,14,17,15,14,12,60,T2,4
01FB15ECS292,11,16,19,12,13,60,T2,4
01FB15ECS293,17,18,16,19,18,60,T2,4
01FB15ECS294,14,17,13,19,11,60,T2,4
01FB15ECS296,13,16,11,14,12,60,T2,4
01FB15ECS297,19,11,12,17,11,60,T2,4
01FB15ECS298,11,19,14,16,20,60,T2,4
01FB15ECS299,19,11,12,19,17,60,T2,4
01FB15ECS300,16,17,18,15,19,60,T2,4
01FB15ECS301,17,16,13,15,17,60,T2,4
01FB15ECS302,14,15,17,14,16,60,T2,4
01FB15ECS303,20,14,12,20,18,60,T2,4
01FB15ECS305,16,18,12,12,16,60,T2,4
01FB15ECS306,14,15,20,17,18,60,T2,4
01FB15ECS308,18,17,12,13,13,60,T2,4
01FB15ECS309,17,16,14,13,15,60,T2,4
01FB15ECS310,20,13,17,18,15,60,T2,4
01FB15ECS311,13,20,16,11,17,60,T2,4
01FB15ECS312,18,13,12,18,17,60,T2,4
01FB15ECS313,12,11,15,18,20,60,T2,4
01FB15ECS314,20,18,15,14,15,60,T2,4
01FB15ECS315,12,16,13,18,13,60,T2,4
01FB15ECS316,12,19,16,17,12,60,T2,4
01FB15ECS317,20,11,16,16,15,60,T2,4
01FB15ECS318,18,12,20,11,14,60,T2,4
01FB15ECS319,20,16,13,16,16,60,T2,4
01FB15ECS320,14,17,17,11,13,60,T2,4
01FB15ECS321,12,18,15,19,18,60,T2,4
01FB15ECS322,16,16,15,19,11,60,T2,4
01FB15ECS323,13,16,13,12,12,60,T2,4
01FB15ECS324,12,11,13,16,18,60,T2,4
01FB15ECS325,14,20,17,16,18,60,T2,4
01FB15ECS326,16,16,18,11,19,60,T2,4
01FB15ECS327,18,14,12,17,14,60,T2,4
01FB15ECS328,20,18,14,12,16,60,T2,4
01FB15ECS329,15,18,16,20,15,60,T2,4
01FB15ECS330,15,11,13,18,14,60,T2,4
01FB15ECS331,20,17,11,17,20,60,T2,4
01FB15ECS332,11,14,18,12,16,60,T2,4
01FB15ECS333,11,20,18,12,11,60,T2,4
01FB15ECS334,19,15,20,20,12,60,T2,4
01FB15ECS335,16,14,20,13,14,60,T2,4
01FB15ECS336,12,18,15,17,20,60,T2,4
01FB15ECS337,14,20,11,13,19,60,T2,4
01FB15ECS338,19,14,13,15,14,60,T2,4
01FB15ECS339,13,20,18,17,19,60,T2,4
01FB15ECS340,13,12,11,12,17,60,T2,4
01FB15ECS341,17,15,18,16,17,60,T2,4
01FB15ECS342,17,19,17,17,13,60,T2,4
01FB15ECS343,16,12,15,17,14,60,T2,4
01FB15ECS344,15,19,15,16,13,60,T2,4
01FB15ECS345,17,17,19,13,12,60,T2,4
01FB15ECS346,16,18,20,16,16,60,T2,4
01FB15ECS347,18,20,15,12,14,60,T2,4
01FB15ECS348,16,15,13,18,20,60,T2,4
01FB15ECS349,20,18,15,19,12,60,T2,4
01FB15ECS350,15,12,15,19,13,60,T2,4
01FB15ECS351,13,14,20,14,18,60,T2,4
01FB15ECS352,15,13,14,19,17,60,T2,4
01FB15ECS354,15,14,11,16,17,60,T2,4
01FB15ECS355,20,12,19,14,13,60,T2,4
01FB15ECS356,20,13,17,19,15,60,T2,4
01FB15ECS357,13,13,15,20,17,60,T2,4
01FB15ECS358,19,16,18,16,20,60,T2,4
01FB15ECS359,19,12,14,16,12,60,T2,4
01FB15ECS360,20,18,19,20,14,60,T2,4
01FB15ECS361,16,14,19,20,18,60,T2,4
01FB15ECS362,12,12,16,13,17,60,T2,4
01FB15ECS363,15,16,16,18,20,60,T2,4
01FB15ECS364,19,20,13,11,20,60,T2,4
01FB15ECS365,16,15,19,14,16,60,T2,4
01FB15ECS366,17,20,12,16,13,60,T2,4
01FB15ECS367,14,18,15,11,17,60,T2,4
01FB15ECS368,15,15,17,12,17,60,T2,4
01FB15ECS369,19,16,11,13,12,60,T2,4
01FB16ECS700,18,12,14,13,18,60,T2,4
01FB16ECS701,17,12,12,11,15,60,T2,4
01FB16ECS702,17,18,11,20,20,60,T2,4
01FB16ECS703,20,11,20,18,19,60,T2,4
01FB16ECS704,13,19,17,18,18,60,T2,4
01FB16ECS705,19,16,17,12,12,60,T2,4
01FB16ECS706,18,11,18,16,18,60,T2,4
01FB16ECS707,15,18,20,17,18,60,T2,4
01FB16ECS708,11,13,20,15,13,60,T2,4
01FB16ECS709,20,15,15,15,13,60,T2,4
01FB16ECS710,14,14,19,16,19,60,T2,4
01FB16ECS711,18,14,17,13,16,60,T2,4
01FB16ECS712,15,19,12,11,14,60,T2,4
01FB16ECS713,18,17,20,16,19,60,T2,4
01FB16ECS714,20,15,11,16,17,60,T2,4
01FB16ECS715,17,20,13,13,17,60,T2,4
01FB16ECS716,11,17,19,13,18,60,T2,4
01FB16ECS717,12,15,11,16,20,60,T2,4
01FB16ECS718,18,14,11,14,19,60,T2,4
01FB16ECS719,20,16,13,19,12,60,T2,4
01FB16ECS720,14,12,14,16,19,60,T2,4
01FB16ECS721,19,14,15,14,18,60,T2,4
01FB16ECS722,17,15,19,14,11,60,T2,4
01FB16ECS723,11,15,14,13,14,60,T2,4
01FB16ECS724,17,17,13,19,13,60,T2,4
01FB16ECS725,17,17,14,12,14,60,T2,4
01FB16ECS726,11,11,18,19,12,60,T2,4
01FB16ECS727,19,13,12,17,17,60,T2,4
01FB16ECS728,11,17,19,16,19,60,T2,4
01FB15ECS001,16,12,12,19,17,60,ESA,4
01FB15ECS002,13,11,11,14,11,60,ESA,4
01FB15ECS003,14,11,13,15,13,60,ESA,4
01FB15ECS004,20,17,11,19,17,60,ESA,4
01FB15ECS005,12,15,20,12,11,60,ESA,4
01FB15ECS006,12,19,19,11,13,60,ESA,4
01FB15ECS008,12,20,14,19,17,60,ESA,4
01FB15ECS009,16,13,17,11,14,60,ESA,4
01FB15ECS010,15,13,12,11,11,60,ESA,4
01FB15ECS011,11,16,14,12,15,60,ESA,4
01FB15ECS012,20,14,12,19,20,60,ESA,4
01FB15ECS014,13,18,12,16,20,60,ESA,4
01FB15ECS015,11,12,16,19,15,60,ESA,4
01FB15ECS016,16,15,15,13,14,60,ESA,4
01FB15ECS017,12,18,18,20,13,60,ESA,4
01FB15ECS018,20,16,18,20,14,60,ESA,4
01FB15ECS019,11,14,17,20,18,60,ESA,4
01FB15ECS020,14,19,11,18,15,60,ESA,4
01FB15ECS021,19,19,13,14,19,60,ESA,4
01FB15ECS022,20,17,17,11,16,60,ESA,4
01FB15ECS023,13,14,14,15,12,60,ESA,4
01FB15ECS024,12,19,19,19,14,60,ESA,4
01FB15ECS025,13,16,14,14,17,60,ESA,4
01FB15ECS026,12,20,15,20,19,60,ESA,4
01FB15ECS027,13,13,16,19,14,60,ESA,4
01FB15ECS028,14,17,13,15,12,60,ESA,4
01FB15ECS029,12,17,20,15,14,60,ESA,4
01FB15ECS030,19,13,13,16,19,60,ESA,4
01FB15ECS031,13,13,16,17,14,60,ESA,4
01FB15ECS032,20,19,16,13,20,60,ESA,4
01FB15ECS033,16,16,14,13,13,60,ESA,4
01FB15ECS034,12,17,18,13,20,60,ESA,4
01FB15ECS035,19,16,14,12,18,60,ESA,4
01FB15ECS036,18,18,14,19,19,60,ESA,4
01FB15ECS037,18,15,20,15,14,60,ESA,4
01FB15ECS038,16,17,12,19,16,60,ESA,4
01FB15ECS039,17,19,19,20,20,60,ESA,4
01FB15ECS040,17,19,16,15,12,60,ESA,4
01FB15ECS041,17,14,19,17,13,60,ESA,4
01FB15ECS042,18,13,16,16,19,60,ESA,4
01FB15ECS043,15,12,19,13,15,60,ESA,4
01FB15ECS044,15,12,16,13,17,60,ESA,4
01FB15ECS045,17,12,15,13,16,60,ESA,4
01FB15ECS046,13,17,11,14,19,60,ESA,4
01FB15ECS047,16,11,17,13,16,60,ESA,4
01FB15ECS048,16,14,14,18,12,60,ESA,4
01FB15ECS049,15,13,15,13,12,60,ESA,4
01FB15ECS050,13,13,14,15,13,60,ESA,4
01FB15ECS051,19,16,13,20,12,60,ESA,4
01FB15ECS052,15,13,16,20,11,60,ESA,4
01FB15ECS053,11,12,11,12,16,60,ESA,4
01FB15ECS054,11,17,19,20,19,60,ESA,4
01FB15ECS055,12,11,11,17,17,60,ESA,4
01FB15ECS056,14,11,11,18,20,60,ESA,4
01FB15ECS057,17,12,17,14,11,60,ESA,4
01FB15ECS058,19,13,12,19,17,60,ESA,4
01FB15ECS059,16,13,16,19,14,60,ESA,4
01FB15ECS060,17,20,19,17,18,60,ESA,4
01FB15ECS061,12,13,15,15,15,60,ESA,4
01FB15ECS062,15,17,19,18,12,60,ESA,4
01FB15ECS063,12,17,19,13,12,60,ESA,4
01FB15ECS064,14,20,16,20,17,60,ESA,4
01FB15ECS065,17,14,12,19,20,60,ESA,4
01FB15ECS066,20,14,12,17,19,60,ESA,4
01FB15ECS067,16,13,12,18,19,60,ESA,4
01FB15ECS068,12,19,15,12,17,60,ESA,4
01FB15ECS069,12,14,15,11,17,60,ESA,4
01FB15ECS070,18,15,14,17,14,60,ESA,4
01FB15ECS071,14,14,15,15,16,60,ESA,4
01FB15ECS072,20,16,12,19,19,60,ESA,4
01FB15ECS073,15,13,16,17,14,60,ESA,4
01FB15ECS074,19,20,17,11,12,60,ESA,4
01FB15ECS075,11,16,12,11,13,60,ESA,4
01FB15ECS076,19,17,18,13,15,60,ESA,4
01FB15ECS077,11,17,12,17,12,60,ESA,4
01FB15ECS078,18,11,17,11,20,60,ESA,4
01FB15ECS079,20,20,18,19,18,60,ESA,4
01FB15ECS080,14,16,18,14,13,60,ESA,4
01FB15ECS081,12,17,16,16,16,60,ESA,4
01FB15ECS082,14,18,16,13,17,60,ESA,4
01FB15ECS083,12,17,19,15,20,60,ESA,4
01FB15ECS084,15,20,20,11,13,60,ESA,4
01FB15ECS085,17,12,15,19,14,60,ESA,4
01FB15ECS086,15,20,12,14,17,60,ESA,4
01FB15ECS087,17,17,14,20,14,60,ESA,4
01FB15ECS088,20,15,19,15,15,60,ESA,4
01FB15ECS089,17,12,15,12,14,60,ESA,4
01FB15ECS090,20,15,19,20,12,60,ESA,4
01FB15ECS092,20,14,13,19,20,60,ESA,4
01FB15ECS093,12,12,17,16,12,60,ESA,4
01FB15ECS094,11,14,12,19,19,60,ESA,4
01FB15ECS095,19,17,18,11,13,60,ESA,4
01FB15ECS096,14,15,20,14,14,60,ESA,4
01FB15ECS097,14,16,18,14,13,60,ESA,4
01FB15ECS098,12,15,18,18,14,60,ESA,4
01FB15ECS099,19,11,18,13,14,60,ESA,4
01FB15ECS100,17,16,13,16,11,60,ESA,4
01FB15ECS101,12,19,20,19,13,60,ESA,4
01FB15ECS102,18,14,18,13,17,60,ESA,4
01FB15ECS103,16,15,11,15,18,60,ESA,4
01FB15ECS104,17,13,15,15,14,60,ESA,4
01FB15ECS105,17,18,17,13,14,60,ESA,4
01FB15ECS106,20,17,16,19,12,60,ESA,4
01FB15ECS107,16,18,16,14,18,60,ESA,4
01FB15ECS108,19,20,13,18,15,60,ESA,4
01FB15ECS109,17,12,18,14,13,60,ESA,4
01FB15ECS111,16,17,18,11,20,60,ESA,4
01FB15ECS112,19,13,11,13,14,60,ESA,4
01FB15ECS113,16,15,15,19,12,60,ESA,4
01FB15ECS116,14,14,19,16,19,60,ESA,4
01FB15ECS117,17,12,15,20,19,60,ESA,4
01FB15ECS118,19,18,12,18,12,60,ESA,4
01FB15ECS119,12,14,16,18,11,60,ESA,4
01FB15ECS120,15,12,16,13,16,60,ESA,4
01FB15ECS121,16,20,12,14,19,60,ESA,4
01FB15ECS122,15,11,15,16,18,60,ESA,4
01FB15ECS123,15,16,14,12,15,60,ESA,4
01FB15ECS124,14,17,19,19,15,60,ESA,4
01FB15ECS125,13,19,16,12,18,60,ESA,4
01FB15ECS126,11,16,12,15,12,60,ESA,4
01FB15ECS127,12,15,18,11,11,60,ESA,4
01FB15ECS128,19,16,12,17,18,60,ESA,4
01FB15ECS129,15,11,15,11,16,60,ESA,4
01FB15ECS130,16,14,18,14,12,60,ESA,4
01FB15ECS131,20,15,13,20,11,60,ESA,4
01FB15ECS132,14,19,17,20,19,60,ESA,4
01FB15ECS133,12,16,17,14,17,60,ESA,4
01FB15ECS134,18,18,12,14,20,60,ESA,4
01FB15ECS135,11,14,11,20,16,60,ESA,4
01FB15ECS136,13,15,16,20,16,60,ESA,4
01FB15ECS137,18,20,20,16,14,60,ESA,4
01FB15ECS138,12,16,12,18,12,60,ESA,4
01FB15ECS139,17,15,15,20,16,60,ESA,4
01FB15ECS140,15,19,18,16,17,60,ESA,4
01FB15ECS141,13,13,16,14,18,60,ESA,4
01FB15ECS142,17,15,18,15,11,60,ESA,4
01FB15ECS143,14,11,15,19,15,60,ESA,4
01FB15ECS144,20,13,13,20,19,60,ESA,4
01FB15ECS145,19,13,13,16,18,60,ESA,4
01FB15ECS146,12,16,13,13,18,60,ESA,4
01FB15ECS147,13,16,11,13,14,60,ESA,4
01FB15ECS148,19,16,12,19,11,60,ESA,4
01FB15ECS149,16,13,20,11,18,60,ESA,4
01FB15ECS150,13,13,15,11,12,60,ESA,4
01FB15ECS151,17,20,12,12,16,60,ESA,4
01FB15ECS152,17,14,11,18,15,60,ESA,4
01FB15ECS153,19,12,18,11,13,60,ESA,4
01FB15ECS154,12,15,16,12,11,60,ESA,4
01FB15ECS155,16,11,18,17,12,60,ESA,4
01FB15ECS156,20,19,13,18,11,60,ESA,4
01FB15ECS157,11,11,15,12,14,60,ESA,4
01FB15ECS158,12,18,19,17,17,60,ESA,4
01FB15ECS160,13,12,16,16,16,60,ESA,4
01FB15ECS161,16,18,15,14,12,60,ESA,4
01FB15ECS162,17,13,14,15,12,60,ESA,4
01FB15ECS163,11,14,19,19,18,60,ESA,4
01FB15ECS164,12,18,18,20,11,60,ESA,4
01FB15ECS165,18,12,15,17,17,60,ESA,4
01FB15ECS166,20,17,16,14,12,60,ESA,4
01FB15ECS167,19,14,18,14,12,60,ESA,4
01FB15ECS168,14,18,18,12,11,60,ESA,4
01FB15ECS169,19,13,12,13,12,60,ESA,4
01FB15ECS170,15,14,15,11,14,60,ESA,4
01FB15ECS171,20,20,20,18,14,60,ESA,4
01FB15ECS172,13,12,19,16,12,60,ESA,4
01FB15ECS173,14,18,20,19,16,60,ESA,4
01FB15ECS174,13,11,11,13,15,60,ESA,4
01FB15ECS175,14,15,18,13,20,60,ESA,4
01FB15ECS176,14,13,13,11,20,60,ESA,4
01FB15ECS177,11,17,13,16,18,60,ESA,4
01FB15ECS178,20,14,11,18,12,60,ESA,4
01FB15ECS179,14,15,11,14,18,60,ESA,4
01FB15ECS180,14,14,14,13,16,60,ESA,4
01FB15ECS181,11,20,19,17,17,60,ESA,4
01FB15ECS182,20,17,14,12,18,60,ESA,4
01FB15ECS183,20,12,16,14,17,60,ESA,4
01FB15ECS184,18,20,16,12,13,60,ESA,4
01FB15ECS185,14,12,18,14,13,60,ESA,4
01FB15ECS186,14,13,15,19,14,60,ESA,4
01FB15ECS187,18,15,15,16,17,60,ESA,4
01FB15ECS188,11,19,15,11,12,60,ESA,4
01FB15ECS189,19,14,17,11,17,60,ESA,4
01FB15ECS190,16,18,11,16,12,60,ESA,4
01FB15ECS191,16,16,18,16,20,60,ESA,4
01FB15ECS192,17,12,14,18,16,60,ESA,4
01FB15ECS193,18,18,17,19,13,60,ESA,4
01FB15ECS194,18,14,16,11,13,60,ESA,4
01FB15ECS195,19,16,18,18,19,60,ESA,4
01FB15ECS196,11,16,11,15,20,60,ESA,4
01FB15ECS197,20,12,11,14,16,60,ESA,4
01FB15ECS198,12,12,18,18,19,60,ESA,4
01FB15ECS200,16,17,20,18,20,60,ESA,4
01FB15ECS201,16,16,13,19,13,60,ESA,4
01FB15ECS202,11,11,17,12,17,60,ESA,4
01FB15ECS203,15,18,17,18,17,60,ESA,4
01FB15ECS204,12,20,12,15,17,60,ESA,4
01FB15ECS205,11,11,18,19,17,60,ESA,4
01FB15ECS206,12,15,19,12,16,60,ESA,4
01FB15ECS208,18,17,15,16,16,60,ESA,4
01FB15ECS209,12,20,16,15,20,60,ESA,4
01FB15ECS210,16,11,16,15,17,60,ESA,4
01FB15ECS211,19,15,20,14,20,60,ESA,4
01FB15ECS212,17,18,13,18,15,60,ESA,4
01FB15ECS213,18,15,18,12,12,60,ESA,4
01FB15ECS214,20,15,20,13,15,60,ESA,4
01FB15ECS215,14,17,17,17,13,60,ESA,4
01FB15ECS216,13,18,19,16,19,60,ESA,4
01FB15ECS217,18,12,17,18,19,60,ESA,4
01FB15ECS218,17,17,17,11,15,60,ESA,4
01FB15ECS219,13,14,15,11,11,60,ESA,4
01FB15ECS220,20,12,19,16,18,60,ESA,4
01FB15ECS221,19,14,19,18,18,60,ESA,4
01FB15ECS222,14,20,15,15,13,60,ESA,4
01FB15ECS223,15,18,16,14,18,60,ESA,4
01FB15ECS224,16,14,17,17,16,60,ESA,4
01FB15ECS225,11,16,19,19,16,60,ESA,4
01FB15ECS226,13,16,14,16,18,60,ESA,4
01FB15ECS227,19,20,12,20,12,60,ESA,4
01FB15ECS228,18,12,19,18,20,60,ESA,4
01FB15ECS229,12,20,13,18,19,60,ESA,4
01FB15ECS230,13,15,14,14,11,60,ESA,4
01FB15ECS231,20,15,17,18,17,60,ESA,4
01FB15ECS232,16,20,14,17,13,60,ESA,4
01FB15ECS233,16,20,11,18,17,60,ESA,4
01FB15ECS234,15,11,11,11,16,60,ESA,4
01FB15ECS235,16,18,16,13,12,60,ESA,4
01FB15ECS236,17,13,13,17,16,60,ESA,4
01FB15ECS237,12,19,19,20,19,60,ESA,4
01FB15ECS238,18,15,18,19,15,60,ESA,4
01FB15ECS239,13,18,14,12,15,60,ESA,4
01FB15ECS240,12,12,11,12,18,60,ESA,4
01FB15ECS241,15,14,17,20,17,60,ESA,4
01FB15ECS242,13,19,15,16,13,60,ESA,4
01FB15ECS243,12,15,15,16,20,60,ESA,4
01FB15ECS244,12,12,11,18,19,60,ESA,4
01FB15ECS245,17,15,11,19,18,60,ESA,4
01FB15ECS246,18,17,16,11,11,60,ESA,4
01FB15ECS247,18,14,13,18,15,60,ESA,4
01FB15ECS248,13,14,11,17,15,60,ESA,4
01FB15ECS249,12,19,14,20,13,60,ESA,4
01FB15ECS250,11,12,17,16,11,60,ESA,4
01FB15ECS251,12,16,13,18,14,60,ESA,4
01FB15ECS252,11,11,17,18,11,60,ESA,4
01FB15ECS253,14,18,16,16,20,60,ESA,4
01FB15ECS254,12,20,20,11,15,60,ESA,4
01FB15ECS255,12,17,18,17,20,60,ESA,4
01FB15ECS256,17,11,16,14,17,60,ESA,4
01FB15ECS257,11,19,13,11,17,60,ESA,4
01FB15ECS258,11,16,14,18,16,60,ESA,4
01FB15ECS259,12,11,11,15,13,60,ESA,4
01FB15ECS260,15,18,16,19,19,60,ESA,4
01FB15ECS261,12,15,14,17,13,60,ESA,4
01FB15ECS262,15,17,14,20,18,60,ESA,4
01FB15ECS263,18,12,19,15,18,60,ESA,4
01FB15ECS264,17,15,15,16,13,60,ESA,4
01FB15ECS265,15,11,20,19,11,60,ESA,4
01FB15ECS266,15,14,11,15,15,60,ESA,4
01FB15ECS267,11,17,20,18,11,60,ESA,4
01FB15ECS268,16,16,15,20,13,60,ESA,4
01FB15ECS269,18,16,20,17,13,60,ESA,4
01FB15ECS270,18,18,11,16,13,60,ESA,4
01FB15ECS271,17,16,18,16,18,60,ESA,4
01FB15ECS272,17,14,16,20,19,60,ESA,4
01FB15ECS273,19,15,13,14,19,60,ESA,4
01FB15ECS274,11,17,12,17,11,60,ESA,4
01FB15ECS275,11,15,19,15,18,60,ESA,4
01FB15ECS276,19,13,19,16,16,60,ESA,4
01FB15ECS277,19,18,20,13,17,60,ESA,4
01FB15ECS278,11,18,20,19,16,60,ESA,4
01FB15ECS279,17,18,15,17,16,60,ESA,4
01FB15ECS280,13,11,14,11,11,60,ESA,4
01FB15ECS281,14,12,18,17,16,60,ESA,4
01FB15ECS282,14,20,19,16,19,60,ESA,4
01FB15ECS283,12,16,11,16,11,60,ESA,4
01FB15ECS284,13,13,15,16,14,60,ESA,4
01FB15ECS285,19,15,11,11,14,60,ESA,4
01FB15ECS286,16,20,16,14,12,60,ESA,4
01FB15ECS287,12,15,18,16,18,60,ESA,4
01FB15ECS288,16,19,14,20,14,60,ESA,4
01FB15ECS289,12,15,11,13,14,60,ESA,4
01FB15ECS290,13,15,15,17,17,60,ESA,4
01FB15ECS291,18,14,11,15,12,60,ESA,4
01FB15ECS292,20,12,20,17,18,60,ESA,4
01FB15ECS293,17,20,20,16,15,60,ESA,4
01FB15ECS294,18,18,18,13,11,60,ESA,4
01FB15ECS296,18,19,13,18,12,60,ESA,4
01FB15ECS297,12,17,11,12,12,60,ESA,4
01FB15ECS298,11,18,18,18,18,60,ESA,4
01FB15ECS299,14,18,12,14,17,60,ESA,4
01FB15ECS300,15,19,20,14,17,60,ESA,4
01FB15ECS301,18,15,12,18,11,60,ESA,4
01FB15ECS302,12,17,14,20,19,60,ESA,4
01FB15ECS303,14,17,12,11,13,60,ESA,4
01FB15ECS305,12,19,17,15,18,60,ESA,4
01FB15ECS306,12,19,19,18,18,60,ESA,4
01FB15ECS308,18,15,11,16,11,60,ESA,4
01FB15ECS309,11,13,16,13,13,60,ESA,4
01FB15ECS310,12,20,18,14,18,60,ESA,4
01FB15ECS311,16,17,17,15,20,60,ESA,4
01FB15ECS312,17,11,15,20,16,60,ESA,4
01FB15ECS313,15,20,14,19,17,60,ESA,4
01FB15ECS314,12,18,19,17,17,60,ESA,4
01FB15ECS315,18,19,18,13,15,60,ESA,4
01FB15ECS316,12,18,16,16,12,60,ESA,4
01FB15ECS317,18,13,18,19,20,60,ESA,4
01FB15ECS318,18,16,18,19,20,60,ESA,4
01FB15ECS319,14,17,14,13,19,60,ESA,4
01FB15ECS320,18,20,20,12,13,60,ESA,4
01FB15ECS321,11,17,12,16,19,60,ESA,4
01FB15ECS322,17,20,14,12,14,60,ESA,4
01FB15ECS323,12,14,14,19,17,60,ESA,4
01FB15ECS324,18,12,11,15,18,60,ESA,4
01FB15ECS325,15,12,18,20,18,60,ESA,4
01FB15ECS326,11,12,11,19,18,60,ESA,4
01FB15ECS327,20,16,11,15,13,60,ESA,4
01FB15ECS328,14,12,12,17,12,60,ESA,4
01FB15ECS329,13,16,13,15,15,60,ESA,4
01FB15ECS330,15,18,14,18,20,60,ESA,4
01FB15ECS331,15,19,19,14,13,60,ESA,4
01FB15ECS332,15,15,17,14,12,60,ESA,4
01FB15ECS333,14,18,16,15,18,60,ESA,4
01FB15ECS334,13,18,18,15,11,60,ESA,4
01FB15ECS335,14,19,11,14,11,60,ESA,4
01FB15ECS336,13,16,12,17,13,60,ESA,4
01FB15ECS337,15,16,15,16,11,60,ESA,4
01FB15ECS338,12,19,16,16,17,60,ESA,4
01FB15ECS339,18,20,13,12,12,60,ESA,4
01FB15ECS340,15,18,16,11,20,60,ESA,4
01FB15ECS341,14,12,19,19,12,60,ESA,4
01FB15ECS342,19,13,19,19,13,60,ESA,4
01FB15ECS343,17,11,17,20,17,60,ESA,4
01FB15ECS344,18,18,20,13,17,60,ESA,4
01FB15ECS345,15,19,11,15,18,60,ESA,4
01FB15ECS346,15,19,17,14,12,60,ESA,4
01FB15ECS347,18,19,20,18,20,60,ESA,4
01FB15ECS348,15,17,14,11,17,60,ESA,4
01FB15ECS349,20,20,16,17,19,60,ESA,4
01FB15ECS350,11,20,16,16,15,60,ESA,4
01FB15ECS351,14,18,15,19,16,60,ESA,4
01FB15ECS352,15,13,15,17,15,60,ESA,4
01FB15ECS354,20,17,12,16,13,60,ESA,4
01FB15ECS355,12,16,13,11,14,60,ESA,4
01FB15ECS356,19,19,19,15,14,60,ESA,4
01FB15ECS357,18,17,13,14,17,60,ESA,4
01FB15ECS358,11,14,16,18,17,60,ESA,4
01FB15ECS359,20,19,11,15,16,60,ESA,4
01FB15ECS360,14,20,13,19,13,60,ESA,4
01FB15ECS361,19,18,14,12,18,60,ESA,4
01FB15ECS362,19,19,11,12,12,60,ESA,4
01FB15ECS363,15,14,13,15,20,60,ESA,4
01FB15ECS364,12,11,16,12,12,60,ESA,4
01FB15ECS365,17,12,13,14,15,60,ESA,4
01FB15ECS366,19,12,13,19,17,60,ESA,4
01FB15ECS367,19,12,12,11,16,60,ESA,4
01FB15ECS368,12,13,16,18,20,60,ESA,4
01FB15ECS369,11,14,11,13,20,60,ESA,4
01FB16ECS700,20,14,14,20,13,60,ESA,4
01FB16ECS701,18,16,19,16,20,60,ESA,4
01FB16ECS702,19,15,16,11,18,60,ESA,4
01FB16ECS703,20,12,14,11,14,60,ESA,4
01FB16ECS704,20,16,20,13,11,60,ESA,4
01FB16ECS705,19,20,20,11,17,60,ESA,4
01FB16ECS706,18,16,19,19,12,60,ESA,4
01FB16ECS707,20,16,20,16,20,60,ESA,4
01FB16ECS708,13,16,19,20,19,60,ESA,4
01FB16ECS709,18,11,19,15,19,60,ESA,4
01FB16ECS710,17,13,18,11,15,60,ESA,4
01FB16ECS711,19,13,19,12,16,60,ESA,4
01FB16ECS712,20,18,12,17,19,60,ESA,4
01FB16ECS713,12,12,20,12,11,60,ESA,4
01FB16ECS714,17,19,15,20,18,60,ESA,4
01FB16ECS715,11,20,19,18,14,60,ESA,4
01FB16ECS716,12,11,12,16,15,60,ESA,4
01FB16ECS717,19,17,13,16,18,60,ESA,4
01FB16ECS718,11,13,20,16,11,60,ESA,4
01FB16ECS719,13,12,17,19,19,60,ESA,4
01FB16ECS720,11,14,18,15,20,60,ESA,4
01FB16ECS721,15,11,11,14,15,60,ESA,4
01FB16ECS722,12,11,17,11,12,60,ESA,4
01FB16ECS723,18,13,18,17,11,60,ESA,4
01FB16ECS724,13,12,12,19,14,60,ESA,4
01FB16ECS725,12,13,19,20,12,60,ESA,4
01FB16ECS726,17,17,19,16,16,60,ESA,4
01FB16ECS727,11,11,13,16,17,60,ESA,4
01FB16ECS728,19,17,14,15,19,60,ESA,4
